pays,Services voyage (% exports de services),Accès électricité urbain (%),Accès électricité (% pop),Pop. exposée pollution PM2.5 (%),Densité de population (hab/km²),Pop. en zone inondable < 5m (%),Pop. dans grandes agglomérations (%),Inflation (%),Accès Internet (% pop),Croissance du PIB (%),PIB par habitant (USD),Taux d'alphabétisation (%),Accès eau potable (% pop),Eau potable sécurisée (% pop),Médecins (pour 1000 habitants),Mortalité pollution de l'air (pour 100k),Accès sanitaires de base (% pop),Accès lavage des mains (% pop),Mortalité accidents de la route (pour 100k),Dépenses santé par habitant (USD),Pauvreté < 3$/jour (% pop),Pauvreté seuil national (% pop),Revenu 40% les plus pauvres ($/jour),Revenu moyen par habitant ($/jour),Taux de chômage (%),Espérance de vie (années),Population rurale (% total),Population urbaine (% total),Arrivées touristes internationaux (nb),Départs touristes internationaux (nb),Recettes tourisme (USD),Recettes tourisme (% exportations),Recettes voyages touristiques (USD),Dépenses tourisme (USD)
AGO,9.92333136036058,77.9,51.1,100.0,29.4777460495709,1.53305214067655,25.2853327026197,13.6441017767715,44.7581,1.26330814020108,2916.13663284275,66.2399978637695,67.2244252588497,,0.244,142.8,50.2951359158799,36.7834496979734,26.1,76.07118225,39.3,32.3,,,14.051,64.617,30.1484967779543,69.8515032220457,218000.0,,19000000.0,0.090457043181433,16000000.0,691000000.0
ALB,63.535356320839,100.0,100.0,99.9999999999643,88.1056569343066,9.15110167982407,,4.75834555150039,83.1356,4.01541716935742,9730.86921906893,97.6800003051758,95.107207538325,70.7653945370075,1.879,92.5,99.2994944120586,,11.7,590.62799072,0.3,19.7,8.03,14.85,10.669,79.602,41.7893913862143,58.2106086137857,2658000.0,2907000.0,1243000000.0,35.9164177962174,1134000000.0,805000000.0
ARE,38.5910931174089,100.0,100.0,100.0,147.616882568291,26.7198219315291,61.0987422345304,1.62670837213248,100.0,4.30118228020602,49850.6872175164,98.0599975585938,99.9999970727207,98.6392693175614,2.992,70.0,99.0890518596042,,8.9,2401.52026367,0.0,,45.24,78.78,2.151,82.909,14.3319300997474,85.6680699002526,8084000.0,6458000.0,24615400390.625,,,15085000000.0
ARG,33.18536741939,100.0,100.0,93.8528246666324,16.6399559321662,1.02928663774484,43.7489867068455,133.488935594175,89.229,-1.85578803046339,14261.8465667948,99.1399993896484,99.0413738458383,,5.106,29.7,94.8209557204549,,14.1,1456.98596191,1.2,41.7,9.82,27.9,6.139,77.395,7.8054867742093,92.1945132257907,7399000.0,15352000.0,1702000000.0,2.64132946574952,1616000000.0,2746000000.0
ASM,,,,100.0,237.605,4.62737256653892,,,,1.73501577287065,18017.4589383973,,100.0,90.5383360522023,,,62.119697982607,,,,,,,,,72.852,18.6278457291778,81.3721542708222,899.999976158142,,22000000.0,,22000000.0,
AUS,60.1687047101976,100.0,100.0,24.8935837696774,3.46591948538875,3.6013357263928,61.3114546996799,5.5970149253731,97.0631,3.58382100798981,65058.3773146674,,99.9696841388095,,4.086,9.8,100.0,,4.9,6980.38525391,1.0,,34.15,70.3,3.668,83.0512195121951,12.5133044346235,87.4866955653765,1828000.0,2832000.0,26234000000.0,8.70537003723551,25667000000.0,7654000000.0
AUT,27.3254873343292,100.0,100.0,85.0515376653505,110.661185167232,0.0,21.6307785541036,7.81413417002832,95.3347,-0.786244288594673,56579.504175468,,100.0,98.8939971369106,5.515,17.5,99.9722421586423,,4.9,6267.93164063,0.5,14.8,42.78,81.63,5.264,81.5414634146342,30.7734641723979,69.2265358276021,15091000.0,3964000.0,15362000000.0,6.85054108492961,13881000000.0,5551000000.0
AZE,23.7406208832121,100.0,100.0,100.0,122.854906231095,0.0,23.9542452312684,8.78543049849081,89.0,1.35447749115767,7133.02838048328,99.7799987792969,96.8490385896936,57.4504580406586,3.185,125.2,97.9482163589564,95.3728973922614,6.7,299.81060791,,6.0,,,5.64,74.429,41.4924649516298,58.5075350483702,796000.0,1165000.0,340000000.0,2.23476091933944,304000000.0,439000000.0
BDI,2.37247582572169,65.0,11.6,100.0,533.078271028037,0.0,,26.9414835762453,11.0784,3.254768974261,250.627253097255,71.4078166079164,65.8069881708757,,0.078,205.9,44.6456125902738,6.35970783900224,35.5,28.14028931,74.2,51.0,,,0.911,63.651,76.4465231627724,23.5534768372276,299000.0,,3700000.04768372,1.5700292147908,3900000.09536743,49000000.0
BEL,6.56248602268491,100.0,100.0,91.9485403518636,386.303731881682,5.48301366791854,26.988298588126,4.04901077613941,94.6263,1.71412195515242,55291.4754541329,,99.9999973101139,99.5609157233581,3.574,15.3,99.4862165648512,,5.8,5931.01464844,0.1,12.3,41.04,69.92,5.547,82.3975609756098,12.448507363228,87.551492636772,2584000.0,5850000.0,7447000000.0,1.77483902178966,6603000000.0,13928000000.0
BEN,54.4294604574234,70.3,57.0,100.0,125.142195814118,7.25427232711727,,2.73870078406075,32.2083,6.3527773854442,1394.17784721831,51.3800010681152,69.2752913846942,17.5419176478121,0.216,201.8,21.5460291941212,12.3945781760574,26.8,46.52822113,27.2,36.2,2.57,5.27,1.641,60.774,48.2542077035407,51.7457922964593,337000.0,,240860000.610352,6.71867329850778,240000000.0,130000000.0
BGD,7.11329314420839,99.5,99.5,100.0,1319.17979689183,8.38183750736477,16.6733410319969,9.8835030377921,44.5027,5.77511237007889,2551.01773827307,79.0,98.6816683567859,59.1428021110632,0.722,143.9,65.6304136319171,68.5323412634061,15.3,53.46432495,5.9,18.7,2.96,5.62,3.352,74.672,67.8421534963166,32.1578465036834,323000.0,1460000.0,217899993.896484,0.566327447584205,217000000.0,659000000.0
BGR,25.3402997892203,100.0,100.0,99.8946743201431,59.3827929255711,1.33967587036816,19.981304862287,9.44284140088564,80.3896,1.68151074972904,15853.208636704,98.3499984741211,99.2017331871692,96.2874915022323,4.328,62.9,86.0662621462475,,9.2,1257.87597656,1.0,21.7,17.01,39.41,4.319,75.7073170731707,26.2677328415387,73.7322671584613,4973000.0,3973000.0,1792000000.0,4.4878009199491,1636000000.0,1263000000.0
BHR,29.812994485735,100.0,100.0,100.0,1971.32375,32.9847026314836,,0.0746206782192256,100.0,3.87811614845566,29290.1284215098,97.8499984741211,99.9198990209829,98.9039755631804,0.741,68.1,100.0,100.0,5.2,1175.81628418,,,,,1.049,81.284,0.0,100.0,1909000.0,2950000.0,724000000.0,2.81927960396861,673000000.0,2637000000.0
BIH,52.5448680819546,100.0,100.0,99.9552350286901,62.20845703125,0.0137988235253632,,6.1059011284828,83.3772,1.99439414850893,8663.02326458629,96.9899978637695,96.0981021077665,86.4004716802823,2.584,113.9,95.3850620124746,97.2610536909518,13.5,772.88568115,0.2,16.9,,,10.668,77.85,48.4342760165695,51.5657239834305,197000.0,,438000000.0,6.23963753418713,426000000.0,163000000.0
BLR,4.14008720734514,100.0,100.0,99.9313519680704,45.217077292187,0.0,22.4143626628815,5.00059903091313,91.5125,4.12654007153881,7896.75388295584,99.870002746582,99.8755846398108,93.0457459109011,4.717,69.9,99.7199437262096,,7.6,558.22644043,0.0,3.9,12.75,20.55,3.461,74.1837804878049,21.1853579333673,78.8146420666327,3598000.0,2810000.0,542000000.0,1.45764753974913,355000000.0,477000000.0
BLZ,69.698066116941,99.8,99.6,100.0,18.0230600613766,33.8562563835843,,4.38984017487675,72.3595,0.500127941638667,7424.75821321022,87.879997253418,94.8298821080115,,1.086,41.0,84.2497280854857,90.2882901757885,22.6,309.40835571,1.0,52.0,,,8.278,73.566,58.0540562495024,41.9459437504976,487000.0,,,,247000000.0,22040000.9155273
BMU,33.1952620883885,100.0,100.0,100.0,1198.11111111111,7.22995540717487,,,98.37,4.91721557264164,132604.439086216,,100.0,,,,99.9416526015971,,,,,,,,,82.309,0.0,100.0,51400.0015258789,,94000000.0,9.14979233689066,94000000.0,212000000.0
BOL,62.0068783046609,99.9,99.8,99.9991320215104,11.3026483891812,0.0,42.1097357523698,2.57688800489192,70.2368,2.51636590154891,4274.70820547613,95.5500030517578,92.9647725892341,,1.284,77.1,70.4335419312464,27.0129661831564,21.1,255.04104614,2.8,36.5,8.71,22.93,3.024,68.581,29.0848585955462,70.9151414044538,323299.987792969,432000.0,243000000.0,3.2671447948785,191000000.0,325000000.0
BRA,15.2234600883619,99.9,99.8,68.1350300575805,25.2616884857157,2.23302391070075,43.8732652097644,4.59356282283204,84.1506,3.24165532813583,10377.5897719195,94.5839624750993,99.8980595100623,87.9528269411722,2.357,28.9,91.7128476214348,,16.0,1009.83563232,3.8,,7.32,25.53,7.947,75.848,12.3840289764237,87.6159710235763,6353000.0,10628000.0,3099000000.0,1.30098331145026,3044000000.0,6490000000.0
BRB,70.7057785921887,100.0,100.0,100.0,656.595348837209,2.20666381805887,,9.79207077126447,79.9923,2.914357359625,25583.878782727,,99.1626347450814,,2.958,18.8,98.0924623115578,88.4693506083686,8.2,1286.47680664,1.7,25.7,,,6.54,76.178,40.5764259764225,59.4235740235775,966000.0,,1071000000.0,44.4375926721103,1125000000.0,99000000.0
BTN,70.2254503703728,100.0,100.0,100.0,20.6183796539067,0.0,,4.22934419929251,88.426,4.63215704523927,3831.32535494609,64.9100036621094,99.4298614038042,66.6540724749632,0.553,94.3,85.2990010822165,93.55135066466,16.2,162.19680786,0.0,12.4,5.39,12.34,3.126,72.975,58.2647542010061,41.7352457989939,29799.9992370605,72000.0,84000000.0,10.6777751698148,84000000.0,50000000.0
BWA,69.4329815359525,97.7,76.0,100.0,4.37641204806522,0.0,,5.0676154934383,81.36,3.20806812224438,7826.35376483298,,91.7236550803662,63.9157689150589,0.379,140.7,71.9941392506475,,26.4,489.59677124,21.4,16.1,2.86,11.1,23.381,69.163,32.9787344650136,67.0212655349864,1830000.0,,217000000.0,4.56136335506177,211000000.0,91800003.0517578
CAN,29.408234935715,100.0,100.0,0.0,4.56079784268436,1.44116830882438,44.8021259828612,3.87900159788426,93.9564,1.52874550838358,54220.3285039875,,98.2905039744417,96.8908033429561,2.819,8.1,98.5881318805776,,5.3,6186.65234375,0.2,,40.8,77.73,5.415,81.6465853658537,17.4749435591654,82.5250564408346,32430000.0,37845898.4375,19994000000.0,3.65670128143171,11256000000.0,41247000000.0
CHE,12.5739726896263,100.0,100.0,49.3001362303515,224.978619136651,0.0,16.1049236895508,2.13540088016377,97.3444,0.683328174376044,100623.549627296,,100.0,96.7000003832463,4.477,10.4,99.8998744202541,,2.2,11783.66992188,0.2,15.8,43.17,87.39,4.043,84.0560975609756,14.8145787320185,85.1854212679815,11818000.0,19797000.0,9994000000.0,2.08023823985746,9038000000.0,10372000000.0
CHL,23.5570383518331,100.0,100.0,97.6630177077565,26.4647249005172,0.958467364431253,35.1159771166501,7.58168251407962,94.4574,0.521367977246825,17067.0364799154,96.4000015258789,98.9890250912798,97.7260945752252,3.334,17.9,100.0,,14.9,1736.52038574,0.5,6.5,12.93,32.77,9.013,81.167,11.1841382782028,88.8158617217972,5431000.0,4091000.0,1034000000.0,1.29934068286281,406000000.0,720000000.0
CHN,7.6164146075733,100.0,100.0,99.9982944622564,150.264001337848,4.87880231853816,31.2803562036138,0.234836828893051,90.6,5.41484330099675,12951.1782397043,96.7399978637695,96.0883413082236,,3.112,95.3,97.2411682339468,97.2370989072954,17.4,763.37762451,0.0,0.0,8.08,17.13,4.67,77.953,34.4698551964477,65.5301448035523,30402000.0,20334000.0,,,14233000000.0,
CMR,25.5520235155496,95.8,72.0,100.0,60.0213386642973,2.29087878478046,30.2138708258404,7.38281384280984,41.9088,3.34756290750219,1720.47510154506,72.5500030517578,70.7167101481695,,0.136,206.7,46.6226225275107,37.7098210766991,30.2,79.09996796,26.7,37.7,2.38,7.34,3.607,63.7,44.8713121488612,55.1286878511388,1021000.0,,437000000.0,7.13534067687559,437000000.0,697000000.0
COL,47.1915338367914,100.0,98.7,92.1046289822956,47.1574150518251,2.34105613545381,44.5183145050017,11.7359044948689,77.3369,0.712380031974334,7000.83660501046,95.4625553716428,96.9496589659827,74.1523775311481,2.535,31.3,95.7128008202529,70.291453880138,15.4,571.15496826,7.7,34.6,3.86,14.56,9.591,77.725,21.724428420456,78.275571579544,1396000.0,1275000.0,1959000000.0,5.1251016036868,1595000000.0,1576000000.0
COM,72.8999819954601,98.3,89.8,100.0,456.951638903815,3.21938427188237,,8.37373955490996,35.6678,2.99521564038136,1560.27378476855,75.8250571350015,85.1575256557465,,0.424,164.6,56.104836588019,33.1622529204348,26.6,102.23101807,31.4,44.8,,,3.833,66.777,66.8497819053099,33.1502180946901,7000.0,,18500000.0,26.8359915308608,18000000.0,43000000.0
CRI,32.2235243287816,100.0,100.0,99.6887933668832,99.9906972189581,2.00237495832442,28.6354292653547,0.525193508693455,85.3951,5.11192183224598,16942.0268119375,97.4100036621094,99.8143035929016,80.5037076075396,2.687,17.8,98.6179737414505,85.9756677781649,14.8,1163.30224609,1.5,24.4,8.93,27.98,8.325,80.799,21.1180606358298,78.8819393641702,1146500.0,324000.0,1479000000.0,7.40531362400925,1356000000.0,697000000.0
CUB,,100.0,100.0,99.9999999999811,106.165038535645,2.50495003993379,19.5003943309627,,71.275,-1.92937123169681,9605.27914559614,97.6500015258789,95.0236345510277,,9.542,41.9,94.1220801306732,93.3875533523869,8.9,1199.35327148,,,,,1.73,78.085,22.8740127703679,77.1259872296321,1086000.0,271000.0,1152000000.0,,1137000000.0,
CYP,12.6360999942045,100.0,100.0,100.0,145.560173160173,4.04474158997971,,3.54134188751663,91.2211,3.61945644636856,36623.69140625,98.6800003051758,99.7210789435355,99.7210789435355,3.556,15.8,99.4768823557025,,5.8,2899.36499023,0.0,13.9,33.66,63.38,5.835,81.648,33.3260522477361,66.6739477522639,4117000.0,1578000.0,663000000.0,3.25331109731518,663000000.0,880000000.0
DEU,8.36823692675105,100.0,100.0,89.1743564300489,238.351810090719,1.99002924234282,9.70327003022419,5.94643667725823,92.4764,-0.869647578573321,54776.7668235491,,99.9999970615884,99.9168282325382,4.534,14.7,99.2265552501835,,3.8,6394.62255859,0.2,14.8,40.63,79.63,3.071,80.5414634146342,18.0965633307871,81.9034366692129,12449000.0,99533000.0,58372000000.0,3.47314357519722,22049000000.0,101231000000.0
DMA,60.7102378203337,100.0,100.0,100.0,88.68,12.8568467497055,,5.08677483158112,83.8255,3.65221012208734,9912.96212766668,,96.8915616749148,,1.158,,80.3664248800941,,10.9,492.4524231,,,,,,71.132,26.8894988561973,73.1105011438027,140000.0,,111000000.0,75.0777803673294,32000000.0,9000000.0
DNK,8.6765903930184,100.0,100.0,56.9144561104444,148.6738,12.5703443745095,23.2220640085879,3.30517811237606,98.7756,0.604587766175584,68043.5466971243,,99.9999977179038,99.9188250709331,4.498,12.9,99.5972246130908,,3.7,6510.625,0.4,12.4,41.02,72.67,5.094,81.8536585365854,11.447361457133,88.552638542867,15595000.0,4230000.0,9097000000.0,4.49513143884502,3970000000.0,10485000000.0
DOM,75.9417761543913,100.0,99.6,99.9134426224712,235.098143035751,1.84398033192546,31.0988225939469,4.78561281021135,84.6161,2.19229848237939,10630.431743829,94.3123758236054,97.4107460357747,45.2614190293945,2.426,41.3,89.6102380882298,48.4316602909105,64.6,488.8727417,1.3,23.0,8.26,20.57,5.555,73.72,27.6422008176662,72.3577991823338,2748000.0,210000.0,7561000000.0,37.7075260451732,2674000000.0,444000000.0
ECU,45.8044168648744,100.0,98.7,98.3156239365569,72.3952448059269,7.21542013422517,28.3617211333229,2.21568764237058,72.6943,1.98823813984235,6737.84748379638,96.2600021362305,91.8598075666082,69.6689253276622,2.313,28.1,90.5556911375942,91.13980828226,20.1,509.49414063,4.7,26.0,6.18,18.18,3.51,77.392,36.8692270445737,63.1307729554263,2108000.0,1515000.0,705000000.0,3.11936322773205,702000000.0,533000000.0
ESP,47.3203152768402,100.0,100.0,41.115549425172,96.7636173412149,3.99842632128181,25.7250872177769,3.53236133492433,95.4456,2.46085796805582,33493.2225409111,99.6999969482422,99.9249297229504,99.4743158229589,4.294,10.1,99.9183686152338,,3.9,3106.62011719,0.8,20.2,26.21,54.85,12.179,83.8829268292683,19.871508998144,80.128491001856,36410000.0,6236000.0,,,18352000000.0,
EST,11.7622729022108,100.0,100.0,0.0,32.0684764802247,2.61109485088201,,9.15922507983982,93.1834,-2.74421914571231,30264.0064885057,99.8899993896484,100.0,98.7763375997776,3.469,12.8,99.0220443822146,,4.5,2258.4597168,0.3,22.5,23.22,43.8,6.378,78.490243902439,29.3229914476874,70.6770085523126,1695000.0,558000.0,865000000.0,3.9817677512326,588000000.0,676000000.0
FIN,11.0202620835004,100.0,100.0,0.0,18.3705454665088,4.55613658391432,23.9578675233183,6.25064322154763,93.5139,-0.939093459613758,52834.2916752703,,99.9999988667298,99.6443238009603,3.609,7.4,99.4479540389609,,3.9,5515.40478516,0.2,12.2,37.41,64.46,7.149,81.6853658536585,25.9937451397172,74.0062548602828,896000.0,2690000.0,1757000000.0,1.794806606539,1245000000.0,1940000000.0
FJI,51.6367579048817,100.0,99.3,82.8031823467088,50.5826491516147,18.2646769725551,,2.34408296633042,79.3485,9.44245856738313,5926.20586394763,,95.5237842457223,41.9884712083528,0.813,118.7,92.7542060099235,86.5816134900173,13.5,212.88697815,4.7,24.1,5.45,11.56,5.316,67.316,41.3930950261232,58.6069049738768,168000.0,174000.0,236000000.0,19.184084523671,151000000.0,77000000.0
FRA,19.0414647963516,100.0,100.0,78.2135639205549,126.862020595603,2.08138306935594,22.927852668258,4.87835726508441,86.8364,1.43921494437743,44700.1384177544,,100.0,99.7084324009763,3.281,10.0,98.6451856910254,,5.1,5149.0546875,0.1,15.6,34.41,66.8,7.335,82.9292682926829,21.2195676873453,78.7804323126547,117109000.0,21287000.0,35958000000.0,4.80404188740469,32646000000.0,31193000000.0
GAB,9.0702920197525,99.2,94.1,100.0,9.64329956921644,9.52729723911365,,3.62901534185376,71.9256,2.43893665064327,7802.82433276138,88.8600006103516,88.479261326667,,0.521,78.3,57.3016336632799,48.1209275492205,23.9,252.98246765,3.8,33.4,,,20.161,68.337,8.3624037202687,91.6375962797313,,,28700000.7629395,0.532471529483251,25000000.0,346000000.0
GBR,12.579203032312,100.0,100.0,66.5332490328298,283.106683751498,2.74511866286225,27.3476668808036,6.79396706793963,96.2988,0.271650048355255,49944.4702124201,,100.0,99.8319703795301,3.301,13.4,99.1037240160958,,3.2,5407.17041016,0.5,18.6,32.21,64.32,4.025,81.2380975609756,16.8398067108665,83.1601932891335,11101000.0,23827000.0,,,19098000000.0,
GEO,58.4174580217922,100.0,100.0,100.0,65.0037265124742,3.85225301774937,29.1279760935523,2.48776056578715,81.8843,7.83220126555726,8283.66960652261,99.5599975585938,97.1538358776458,70.2560405766378,5.642,92.8,90.04898468576,91.7573444423974,12.4,554.3248291,5.8,11.8,3.93,8.52,11.549,74.496,39.2476922200276,60.7523077799724,1513000.0,3780000.0,586000000.0,9.88456492872421,542000000.0,292000000.0
GHA,11.9662073422835,97.5,89.5,100.0,148.49676310689,2.1287841350265,19.0254746120166,38.1069656296501,69.9445,3.14009099763754,2383.90410483418,76.4899978637695,88.8910495956232,41.5409857140439,0.266,193.6,30.3048454596217,44.7857609368921,25.7,70.25730896,39.0,23.4,1.81,5.07,2.829,65.498,42.1925262225346,57.8074737774654,897000.0,,191000000.0,0.865150905271818,110000000.0,946000000.0
GNQ,,89.0,66.9,100.0,65.8662745098039,5.66273195374869,,2.85949506037322,60.3661,-5.08930872071532,6677.793435386,,64.6658128879178,,0.153,165.7,66.3127866671561,24.2210376531412,27.2,233.68379211,8.8,50.7,,,8.218,63.707,28.8709335116483,71.1290664883517,,,,,,
GRC,42.1049203770537,100.0,100.0,99.9999999998588,80.7397284716835,5.10819938614292,30.3099511105179,3.46480128513405,85.0102,2.13591131996631,23343.7103964562,,99.9999984078161,96.881822442758,6.576,23.0,99.0039477070011,,8.3,1962.59594727,0.6,18.8,16.92,34.24,11.023,81.5365853658537,21.2253696157912,78.7746303842088,7406000.0,2324000.0,6193000000.0,10.4927849016115,5015000000.0,1500000000.0
GRD,84.6249314874164,,94.4,100.0,344.355882352941,5.85477777203569,,2.69612269814564,74.1201,4.52657497450693,11414.4781691181,,95.6286504435547,89.9176799999318,1.383,47.4,92.6192396904393,,8.0,526.3918457,0.8,25.0,,,,75.205,63.537871761416,36.462128238584,217000.0,,548000000.0,88.2058975261611,195000000.0,12000000.0
GRL,,100.0,100.0,80.0160106688235,0.138543062492386,59.8627167311208,,,69.4825,0.865961986998158,58498.9707973609,,100.0,,,,62.5,,,,,,,,,71.549756097561,11.9368852250092,88.0631147749908,,,,,,
GTM,31.9859960860526,100.0,100.0,100.0,169.138092571855,0.206295001583779,17.0765609049857,6.20657592272126,56.0535,3.5331575177533,5758.32760847852,83.0440590538501,92.9701335518689,48.8769788491501,1.281,91.0,70.6041253212475,76.7664212338674,22.9,392.01223755,9.7,56.0,,,2.344,72.602,44.3917680434461,55.6082319565539,594000.0,507799.987792969,298500000.0,2.34799483211765,297000000.0,346000000.0
GUY,75.4045326484108,98.9,98.9,99.9881773200384,3.91376811594203,78.4831581251732,,2.82110335099641,81.7221,33.795011115873,20473.7002190617,85.6399993896484,95.644614726529,67.1556536157397,1.387,95.7,91.3046762515848,83.462512883397,22.3,505.03240967,,,,,11.917,70.18,73.5348542720122,26.4651457279878,86400.0015258789,,,,24000000.0,
HRV,65.2525041313911,100.0,100.0,99.7796052732656,68.9722301644031,4.31367326892496,,7.9412817758683,83.2412,3.76164540703459,22184.2279304842,,99.9028641950813,87.1852397070888,3.909,31.3,95.7936994032533,,7.9,1548.33959961,0.3,20.3,21.91,41.35,6.121,78.4731707317073,42.7568439327802,57.2431560672198,21608000.0,678000.0,5631853027.34375,23.4140153305096,5568853027.34375,789687194.824219
HUN,21.1342496743977,100.0,100.0,100.0,105.108327854482,0.0,18.5364629084549,17.1249659678737,91.4501,-0.817107370513455,22230.6277875187,,100.0,100.0,3.456,42.3,97.976195278385,,7.7,1419.87475586,0.9,12.1,13.1,24.82,4.096,76.7707317073171,29.7076973108569,70.2923026891431,31641000.0,12727000.0,4224000000.0,3.40349403569888,3229000000.0,1334000000.0
IDN,41.6609102127328,100.0,99.4,95.5671472610627,148.57692229227,8.81766119912081,14.0840565324806,3.66938654859761,69.2084,5.04902331835997,4876.30774512252,96.0,89.3578482222748,30.3958763265858,0.524,96.1,86.9363345400971,79.5647169754225,11.3,131.77729797,6.7,9.4,3.59,7.51,3.308,71.146,41.8820646602122,58.1179353397878,4053000.0,2918000.0,3533000000.0,1.98018368697291,3312000000.0,1980000000.0
IND,9.53623985631553,100.0,99.5,100.0,483.679010086809,1.88001213009684,16.4585228460668,5.64914318907925,55.9,9.19075493028345,2530.12031278204,81.6999969482422,95.0740565981493,74.7331217386926,0.723,139.3,80.6978943350927,89.640420179169,15.6,84.68669891,5.3,21.9,,,4.172,72.003,64.9323081575814,35.0676918424186,17914000.0,26915000.0,13413000000.0,2.76733222848624,13036000000.0,15777000000.0
IRL,1.75127681849579,100.0,100.0,0.274091678859734,77.1017273914937,2.79860140235064,23.913450303848,6.29942487419125,96.4974,-2.53637409313261,106818.917130804,,97.0814633122255,95.6265995419887,3.875,12.8,89.742009351926,,3.1,6877.9375,0.1,14.0,33.46,59.16,4.243,82.8609756097561,35.8847917538732,64.1152082461268,10951000.0,2326000.0,4160000000.0,0.681305611379734,1858000000.0,2334000000.0
ISL,43.9024861105778,100.0,100.0,10.2852157949761,3.82488346722206,11.3135349757772,,8.73630299937298,99.8301,5.18615760140189,82138.7892973557,,100.0,100.0,4.373,8.2,98.7786759933373,,2.0,7064.62402344,0.1,8.8,40.31,68.33,3.518,82.6073170731707,5.84817382151989,94.1518261784801,488000.0,130000.0,,,652000000.0,
ITA,37.7132462084371,100.0,100.0,94.7772139982593,199.459678073854,3.81654106895182,19.4146328909415,5.62219442195901,87.0278,0.975694840127005,39277.0838783918,99.3499984741211,99.9170340740928,96.7099330826952,4.191,15.0,99.8849719036501,,5.3,3283.47216797,0.9,20.1,27.13,57.51,7.627,83.7,30.4618459876699,69.5381540123301,38419000.0,21448000.0,20459000000.0,3.65370521874481,20036000000.0,12965000000.0
JAM,81.8496774460657,98.6,97.7,99.9999999999574,262.214773776547,9.15485047135585,,6.47413734662063,89.473,2.74634433906714,7542.40084275345,,87.895030779808,,0.46,35.9,91.1018987715533,70.3683405797426,15.1,520.15704346,1.4,8.2,7.6,18.94,3.022,71.479,41.5489850632571,58.4510149367429,1329699.95117188,,2060000000.0,48.0600523222195,1349000000.0,291000000.0
JOR,76.4367816091954,100.0,100.0,100.0,128.828670856139,0.053651096121461,19.513929848146,2.08486986327134,92.5344,2.88408339281683,4466.08314208575,94.8499984741211,99.2577307145329,87.1198241622629,2.851,38.7,96.5203168428374,,17.0,342.10394287,0.1,15.7,8.8,17.33,16.62,77.814,7.31776313166399,92.682236868336,1240000.0,406000.0,1745000000.0,16.7075719776145,1409000000.0,408000000.0
JPN,18.3724915457634,100.0,100.0,76.7615082281987,341.54455749932,12.4425842555292,65.2768139843146,3.26813365933163,86.9815,1.47503481053384,33836.1756271617,,99.1831679675454,98.7270242077337,2.649,11.8,99.9455793899546,,3.6,3638.19287109,1.2,,23.84,48.11,2.6,84.0412195121951,7.9173096108527,92.0826903891473,4115799.8046875,3174000.0,11395000000.0,1.43461261665333,10597000000.0,6741000000.0
KAZ,21.16022260949,100.0,100.0,87.4142305282549,7.53050487091158,0.0,16.1267300944452,14.7249900200331,92.8785,5.09999999973641,12879.4275257974,,97.8328139720823,91.534849470974,3.754,83.4,97.948876378574,99.0098274702943,12.7,489.71456909,0.0,5.2,8.62,15.09,4.835,74.402,38.2439080500819,61.7560919499181,2035000.0,2865000.0,589000000.0,1.19537232198366,459000000.0,861000000.0
KEN,39.509464216411,96.0,76.2,100.0,95.2681371231706,0.409713227470306,12.2256557459122,7.67139634029402,35.0,5.71999241214208,1942.58802756191,,64.7820788557808,,0.289,131.9,40.1703366344741,52.6671502721585,28.3,84.958992,46.9,39.8,1.98,4.34,5.409,63.646,68.3669659183571,31.6330340816429,2049000.0,,1762000000.0,15.3601464458292,1007000000.0,
KHM,73.627712490015,99.5,95.0,100.0,98.7076818490823,2.00470704447948,13.0923651907612,2.12746796594194,60.7171,5.00733043811898,2429.74853452838,71.9300003051758,81.8888688771299,29.4450820333788,0.211,163.3,80.3569034278216,85.0952232539447,19.6,114.56295776,,17.7,,,0.256,70.668,59.3709211927492,40.6290788072508,1306000.0,326000.0,1119000000.0,5.37394870532808,1023000000.0,213000000.0
KWT,15.3601894549301,100.0,100.0,100.0,272.358024691358,4.75710089918604,67.9471177025685,3.64216403030709,99.7473,-1.6672059801285,34075.849012909,96.4599990844727,100.0,100.0,2.273,45.2,100.0,,15.4,1679.12353516,,,,,2.08,83.1878048780488,0.0,100.0,2161000.0,,524000000.0,1.10510263094138,397000000.0,6696000000.0
LKA,38.180356791846,100.0,100.0,45.5384172591341,356.239896540576,3.83269502133841,,16.5411742279832,51.2,-2.3298481898334,3798.89016573011,92.6600036621094,90.1950284141998,46.848574246617,1.136,91.6,95.3491933910345,87.6798542724408,19.7,134.23654175,2.7,14.3,4.9,10.58,4.528,77.483,79.8544651557537,20.1455348442463,540000.0,305000.0,1076000000.0,8.22453929535838,682000000.0,803000000.0
LSO,63.3572653752999,85.0,57.3,100.0,76.135441370224,0.0,,6.34221743124953,47.991,1.82662476743647,916.282976983803,92.4974361965842,77.481451488906,30.3558597564902,0.235,288.3,46.6178621737328,18.9170866211299,31.9,122.63982391,41.9,49.7,,,16.348,57.375,57.3218403195215,42.6781596804785,1142000.0,,,,5000000.0,277000000.0
LTU,7.93885790746148,100.0,100.0,95.9998593070447,45.87196485623,1.54171360273301,,9.11731962390475,88.5029,0.342262716277261,27786.0057829276,99.8199996948242,99.9175659134354,96.7133919064612,4.466,38.8,96.3848409552758,,8.1,2044.18371582,1.1,20.9,21.43,46.53,6.841,76.9878048780488,31.424545416801,68.575454583199,2284000.0,1643000.0,,,470000000.0,
LUX,4.21245674569761,100.0,100.0,68.7756227449078,258.862052624628,0.0,,3.74140361983136,99.3479,0.0994399943552651,133230.619178899,,99.9999993622078,99.64948137305,2.984,12.5,97.6032304799558,,4.1,7510.99414063,0.1,17.3,50.65,106.1,5.184,83.3585365853659,5.1984699679213,94.8015300320787,525000.0,1460000.0,4454000000.0,2.96570117034456,4189000000.0,2458000000.0
LVA,15.7258257360872,100.0,100.0,89.0140461977576,30.2701269484172,10.2259175988653,,8.93804623316637,92.1879,-0.941606068823631,22710.2637544197,99.9000015258789,98.7373706487975,96.9699421478864,3.398,40.1,92.5186835470802,,8.1,1645.4152832,0.4,22.5,19.56,40.02,6.465,75.6780487804878,31.6413683656939,68.3586316343061,3204000.0,690000.0,,,430000000.0,
MAR,41.438140723818,100.0,100.0,100.0,84.5003473000224,1.44726242907171,22.4234428341475,6.09114152504141,91.0,3.65564411017931,3813.72607421875,64.2600021362305,91.2311035579693,79.1395765684932,0.74,66.6,87.6475617548846,,17.0,232.24751282,3.7,3.9,,,8.896,75.313,37.326249161122,62.673750838878,2802000.0,646000.0,4514000000.0,12.0227919278399,3848000000.0,1509000000.0
MCO,,100.0,100.0,,18692.8982725528,7.89918573895599,,,99.1497,5.44395088840088,256799.788612806,,100.0,100.0,8.609,,100.0,,0.0,8004.16845703,,,,,,86.372,0.0,100.0,159000.0,,,,,
MDA,28.2437400025223,100.0,100.0,100.0,85.437584732506,0.0,,13.4170104381299,80.2126,1.2000000493378,6799.58594644576,99.3600006103516,92.2745583834246,75.4486053205987,4.016,68.9,86.3094330336137,86.9794192153934,7.3,451.73007202,0.1,31.6,8.06,13.53,1.57,71.198,56.9988174438477,43.0011825561523,29000.0,75000.0,354000000.0,10.9860440000372,316000000.0,303000000.0
MDG,32.1404790343665,75.6,39.4,100.0,53.6196837401169,4.29460833953867,12.412720991955,9.87432675044888,20.3671,4.20304615840668,508.718427705591,74.6900024414062,54.4969430342798,21.6702513222532,0.172,208.0,15.2883891812498,23.3898723037232,29.2,17.44003487,69.2,75.2,,,3.044,63.632,68.0200561139054,31.9799438860946,87099.9984741211,,202000000.0,7.80155066853256,145000000.0,97000000.0
MDV,94.8852203653254,100.0,100.0,0.0,1765.08053691275,49.170829688905,,2.92746542425035,84.6851,4.94286301229583,12587.6126038651,98.2099990844727,99.7301882656937,,2.235,32.0,99.3176875376915,95.8390968939352,1.6,1159.02819824,0.0,5.4,,,4.019,81.041,58.4903167066027,41.5096832933973,555000.0,,1409000000.0,78.8690076112034,1398000000.0,106000000.0
MEX,54.6593242299249,100.0,99.7,99.6561265475774,66.7402757272564,1.05110878855813,42.2368627954674,5.52796087314389,81.1832,3.35354140652768,13860.9597809326,95.8346901734281,99.4095196134934,42.9097194858437,2.588,44.7,92.9784568798496,98.7908568021529,12.8,760.98840332,2.3,36.3,6.88,17.82,2.765,75.069,20.5265064251954,79.4734935748046,51128000.0,36056000.0,11449000000.0,2.5678508801707,10996000000.0,4286000000.0
MKD,20.9064610871551,100.0,100.0,100.0,72.474861221253,0.0,,9.36187249769016,87.1819,2.554965253403,8674.35846327485,,98.1866858659348,80.7523940413047,2.944,95.6,98.9894017609484,99.6723663132038,5.1,639.41693115,3.9,22.2,7.8,17.22,13.174,75.3160975609756,37.7481677454221,62.2518322545779,118000.0,,253000000.0,3.51868355959879,252000000.0,153000000.0
MLT,9.62620634510872,100.0,100.0,100.0,1727.334375,2.3770445499738,,5.09396758978883,92.0727,10.6215185022616,40905.8059585057,93.3099975585938,100.0,99.8378093859472,4.513,20.9,100.0,,4.1,3623.4609375,0.1,16.7,32.04,65.45,3.479,83.5073170731707,4.3727722852035,95.6272277147965,718000.0,218000.0,,,418000000.0,
MMR,37.1603964358355,94.6,76.8,100.0,82.9420656687147,6.81173845504917,13.1934230810851,8.82506696804558,58.5357,0.958446625126115,1233.19666209269,93.5471293315427,85.6324592259364,59.647182104066,0.757,184.1,74.156188318795,74.6277475415145,20.4,56.18909836,10.3,24.8,3.57,6.54,2.977,66.889,69.6179281930534,30.3820718069466,903000.0,,2501000000.0,14.2723589404508,2483000000.0,214000000.0
MNE,54.6675002517891,100.0,100.0,100.0,46.3590334572491,4.40624625277759,,8.58476910455403,89.8052,6.47836283518564,12259.8775034436,98.5299987792969,99.2810967659846,85.4811892636332,2.783,115.2,97.8297883395881,99.2417456832958,7.6,1147.69787598,2.5,20.0,9.48,20.64,13.146,77.5878048780488,34.5268332375151,65.4731667624849,351000.0,,180000000.0,14.4298170246929,166000000.0,38000000.0
MNG,33.4393652255735,100.0,100.0,97.0139805896742,2.23365125312889,0.0,48.0481852953554,10.347583131434,83.0162,7.4221127615025,5838.63108083902,98.6399993896484,85.311512645746,42.247513801184,4.13,214.7,72.8851663037703,86.3889894575957,21.0,359.60980225,0.4,27.1,5.8,11.49,5.178,72.1224390243902,29.5535507202148,70.4464492797852,66900.0015258789,,49000000.0,0.640892938603591,29000000.0,573000000.0
MOZ,19.6097029909906,78.9,36.0,100.0,42.7721457819375,2.79978954807574,8.96442294313451,7.12697482131851,19.8434,5.48149036541776,622.000297682823,61.6778205151772,64.5157588929919,26.4356121564997,0.175,228.4,37.257486002339,15.5031362168583,30.0,52.96166611,81.4,65.0,0.79,2.38,6.661,63.611,64.2850216851593,35.7149783148407,2033000.0,,113000000.0,2.51037793162729,90000000.0,95000000.0
MUS,46.5366025893851,100.0,100.0,100.0,625.261392088132,1.70500875904666,,7.05298238454736,79.5,5.00791900868131,11269.9684462139,94.3265215627,99.9024122575049,,1.436,34.7,97.0904086099851,,12.2,616.20739746,0.5,8.4,8.24,17.52,5.571,73.4121951219512,60.9960098907774,39.0039901092226,316000.0,65000.0,518000000.0,12.929472599635,466000000.0,224000000.0
MWI,10.4247929804357,57.8,15.6,100.0,223.84898175647,0.0,6.04760638048354,28.7897428247298,17.9881,1.94575281675984,633.214767978695,70.1500015258789,72.2285522528925,17.9257583975611,0.054,148.5,49.23687867184,15.3536653882547,33.4,41.26664734,75.4,50.7,1.16,2.59,5.009,67.353,83.0251253334644,16.9748746665356,871000.0,,35000000.0,2.67516341667285,30000000.0,119000000.0
MYS,34.8254076850987,100.0,100.0,90.537343806725,106.913096941105,10.125909006039,24.54492642521,2.48886560125754,97.6927,3.5370638041057,11386.0395636528,95.7699966430664,97.8919385183286,94.6204664000227,2.341,76.5,96.0191440152349,,22.5,450.33853149,0.0,5.8,15.94,39.7,3.858,76.657,23.5565247894261,76.4434752105739,4333000.0,,3386000000.0,1.62618869673882,3004000000.0,5206000000.0
NAM,32.3276482074921,75.0,56.7,100.0,3.59909023551847,0.187784026474826,,5.87993463284275,64.4061,4.44280600303956,4187.60500396525,87.6399993896484,86.1410432483345,,0.553,142.5,38.4005446833098,44.5999027077591,34.8,397.09063721,22.9,17.4,2.73,12.72,19.154,67.385,50.0454162169179,49.9545837830821,187100.006103516,,155000000.0,3.99167687049909,118000000.0,77000000.0
NCL,29.4557496171194,100.0,100.0,,15.8572210065646,10.8664539818011,,0.578317435520754,82.0058,2.8,33701.8923322781,,99.5386729881695,96.8652854148107,,,100.0,,,,,,,,10.922,78.766,32.248477688663,67.751522311337,31000.0,48000.0,248000000.0,13.2255604858842,159000000.0,252000000.0
NIC,47.4089276552078,100.0,88.3,99.9026951322358,56.702783779292,1.7969652670308,16.0400362681764,8.38765854872536,58.2314,4.42774384760374,2609.44492072931,87.3450882346125,,,0.682,84.4,,,16.9,216.55238342,6.6,24.9,4.62,12.91,4.698,74.947,40.8749046325684,59.1250953674316,474000.0,325000.0,,,199000000.0,102000000.0
NLD,7.22699131008033,100.0,100.0,99.5981414813269,530.950905850906,53.6880948779583,12.2616918600466,3.83839354342808,97.0068,-0.598096167209832,63515.6030780019,,100.0,99.9610869442031,3.876,13.1,97.6632296431228,,4.0,6371.85595703,0.1,14.5,45.2,75.5,3.535,81.9146341463415,4.6778317907871,95.3221682092129,7265000.0,22045000.0,10926200195.3125,1.44152948830112,9101000000.0,7435700195.3125
NOR,12.6555799829054,100.0,100.0,2.04383779996992,15.1524995195871,7.15075669196258,19.6751902900228,5.51784987104659,99.0,0.0721204806030329,87497.2179649556,,99.9999954349429,99.0904537812149,4.975,7.9,98.0480105181421,,2.1,8296.35546875,0.2,12.2,50.96,86.74,3.574,83.1121951219512,16.9281439297834,83.0718560702166,1397000.0,1690000.0,2196000000.0,1.85607481686366,1792000000.0,4230000000.0
NPL,33.8810684904051,96.0,94.0,100.0,207.147638646669,0.0,5.29055538489236,7.11587261530826,55.7716,1.98254843628392,1382.33055769304,68.7099990844727,93.1169638221139,16.3490141281988,1.011,177.9,82.5877911140468,66.8523628138022,16.3,83.96018982,2.4,20.3,,,10.437,70.354,33.4567066546056,66.5432933453944,230000.0,1197000.0,238000000.0,13.4362036771379,197000000.0,267000000.0
NZL,46.6841915863305,100.0,100.0,0.0,19.7485853176864,3.28780797652116,32.1773076923077,5.73316283034957,96.1638,1.39425181563566,49075.9562832927,,99.999999971682,99.999999971682,3.611,12.2,99.999999971682,,9.6,4997.24316406,,,,,3.734,83.0048780487805,16.1101008538771,83.8898991461229,996000.0,511000.0,10961000000.0,18.8272898794743,6229000000.0,4603000000.0
OMN,42.849304574918,100.0,100.0,100.0,16.3142778675283,6.84452843415434,32.6843152939564,0.950782997762827,95.2517,1.41401395818599,21027.7384778886,97.3399963378906,92.559888964675,90.9816564891572,1.992,104.0,99.3207794038753,97.4,10.6,732.04089355,,,,,3.176,80.031,20.4297026771068,79.5702973228932,869000.0,1657000.0,669000000.0,1.87440359059699,441000000.0,1236000000.0
PAK,11.5994120076556,100.0,95.6,100.0,321.067474833956,0.448811415274458,19.6667418100831,30.7681280657005,27.3759,-0.414935997088406,1360.32417758419,58.8600006103516,90.6815872292919,44.9713055615103,1.16,192.1,71.8243245387853,84.7280357764395,13.0,30.48608398,16.5,21.9,3.09,5.43,5.237,67.649,61.1808138127209,38.8191861872791,966000.0,,765000000.0,2.79880745192545,439000000.0,1245000000.0
PAN,30.8839574312676,100.0,97.0,71.6367476557604,60.1072930709086,6.00466167962404,44.3366865085106,1.48641355277038,68.5485,7.16632946099945,18797.1933994045,96.1092282909577,95.0598439257546,,1.625,27.3,87.8666162534578,,13.9,1557.81286621,3.7,21.7,8.89,30.37,6.544,79.594,34.1398728823916,65.8601271176084,647000.0,401000.0,1841000000.0,9.29636264630468,1117000000.0,601000000.0
PER,47.1681297116294,99.0,96.2,99.9629262855861,26.44188828125,0.661118653974335,33.1043809897157,6.45561348369586,79.4848,-0.403242151494268,7887.54185920108,94.5,95.0719233240551,50.1854352404262,1.688,37.9,78.2571577701354,,13.6,445.52667236,5.9,29.0,5.8,15.06,4.899,77.74,15.2189744150255,84.7810255849745,1119000.0,791000.0,1002000000.0,2.19989577637565,776000000.0,938000000.0
PHL,18.8662543546901,98.4,98.0,96.3706587650922,385.321122178623,10.5243953512241,14.4628040656099,5.97802515541409,83.7661,5.51894967862863,3804.08274131097,98.4700012207031,95.465506033898,48.244145697978,0.792,202.8,85.991294396015,94.6000482195519,12.0,194.05484009,5.3,15.5,4.37,9.93,2.2,69.833,44.8757283831149,55.1242716168851,1483000.0,1483000.0,2769000000.0,3.45979194990587,2010000000.0,4872000000.0
PLW,84.6964164539374,100.0,100.0,,38.5369565217391,12.2852393676251,,12.8199748216534,,2.21599800170485,15610.8231931032,100.0,99.5299685485284,90.6011928273756,1.808,,99.0217636084131,,4.78,1683.8458252,,,,,,69.269,20.8468008561153,79.1531991438847,18399.9996185303,,123000000.0,93.5482153586395,116000000.0,23299999.2370605
PNG,0.692846490846835,65.2,20.5,99.9951657438565,22.9422669257607,7.56072060559768,,2.29869991296791,24.0667,3.81088622906051,2966.06830432055,87.144148905762,52.3359168793014,,0.061,189.6,23.2257913219562,35.3731209283994,12.6,85.15021515,,,,,2.649,66.134,84.9418982108794,15.0581017891206,39000.0,,4230000.01907349,0.0418462815408549,3460000.03814697,134000000.0
POL,13.8114185420361,100.0,100.0,99.9661157279646,119.787615502661,1.58578229608631,4.89955216992624,11.5289127961105,86.4147,0.249610834017872,22145.2660647429,,90.648484121514,89.1886328736699,4.031,40.9,98.9566925447355,,9.4,1577.98168945,0.2,12.2,24.73,44.05,2.743,78.5073170731707,40.1140438629786,59.8859561370214,88515000.0,50600000.0,8379000000.0,2.62686810482392,7771000000.0,5547000000.0
PRT,47.7343491046383,100.0,100.0,16.0083566266812,115.475189289738,1.28990060760989,40.887850776514,4.31128191898672,85.7901,3.09997909018263,27634.6183139773,94.4800033569336,99.2762210572337,95.1650547592568,5.851,10.0,99.6602104639564,,8.2,2762.26293945,0.4,16.4,20.44,41.07,6.498,82.2804878048781,38.7951347366336,61.2048652633664,4208000.0,680000.0,10522000000.0,12.2444835483225,8835000000.0,3536000000.0
PRY,25.7458831459233,100.0,99.8,99.0583082497181,17.282671943072,0.0,51.2921699800092,4.63202285403356,78.0948,4.9992279112746,6299.99026533713,94.5400009155273,99.6009612348131,64.2916963189796,3.893,55.6,95.2491802778514,80.1530636026409,22.0,526.5098877,2.4,22.7,6.93,18.2,5.794,73.844,30.6533918266306,69.3466081733694,1077000.0,214000.0,104000000.0,0.842867466880354,81000000.0,226000000.0
PYF,47.6791283769921,100.0,100.0,,80.990492653414,14.552412149152,,,72.7039,2.77284077155413,21832.2831795569,,100.0,90.448717948718,,,97.5209198289567,,,,,,,,11.613,84.07,38.3032864971431,61.6967135028569,89400.0015258789,12000.0,782000000.0,65.0774931502111,642000000.0,226000000.0
QAT,28.5657268042609,100.0,100.0,100.0,231.160313315927,6.74901542925335,,3.02764899198902,99.6528,1.53979117720789,81816.9797967481,97.75,99.9889721417312,95.345241877961,3.022,90.8,99.936545083788,100.0,7.3,1804.35424805,0.0,,,,0.13,82.368,0.716467480616501,99.2835325193835,582000.0,,14318000000.0,20.1851764350477,3563000000.0,11504000000.0
ROU,12.5351886994797,100.0,100.0,98.0174648814994,82.8453668289291,0.328334085786211,9.31944400579569,10.3971874764996,89.2034,2.25773416555121,18244.4186876321,99.1600036621094,99.9999974664564,82.1241205778657,3.625,67.8,90.505532492932,,10.3,1050.99755859,0.7,19.0,16.98,32.66,5.589,76.6073170731707,47.8354252988133,52.1645747011867,5023000.0,9510000.0,1611000000.0,1.73217566054136,1433000000.0,3472000000.0
RWA,53.9729058197817,99.9,63.9,100.0,565.645358735306,0.0,8.94015258622129,19.789546746467,34.2005,8.24990302014558,1027.03446826565,78.7600021362305,60.8290423575481,,0.09,165.8,80.3475631851087,18.4287144226922,29.4,52.65630722,38.6,27.4,1.39,3.5,12.352,67.785,71.1444689354523,28.8555310645477,1634000.0,,212000000.0,10.9903672762396,120000000.0,127000000.0
SEN,39.8081125934146,96.1,74.2,100.0,93.8948371682335,7.02540265689155,18.971219200719,5.93947798773215,60.6122,4.2574308328029,1698.03387300843,50.3600006103516,86.915566820325,26.8831210795347,0.109,146.4,61.4661335345473,26.1866218001331,23.5,73.22670746,17.9,37.5,3.06,6.51,2.784,68.683,45.3007723809206,54.6992276190794,1376000.0,,557000000.0,10.5351999576054,496000000.0,324000000.0
SGP,5.79741510141593,100.0,100.0,100.0,8241.8495821727,0.663277632041967,100.0,4.83372362825798,94.2852,1.82140694115385,85412.230345235,97.6500015258789,100.0,100.0,2.834,23.4,100.0,,2.1,3921.60253906,,,,,3.444,82.8951219512195,0.0,100.0,2742000.0,1543000.0,20416000000.0,3.03796854736866,5189000000.0,25346000000.0
SLB,19.5947135223288,81.2,81.3,99.9175631944289,28.581814933905,17.8637860466646,,5.88585897042164,42.4597,2.84111851154807,1882.64394148042,,71.4884718815892,,0.238,281.2,34.4025678319385,38.6363930828394,16.5,111.35532379,40.3,12.7,,,1.443,70.528,69.9911178911611,30.0088821088389,4400.00009536743,,7000000.0,1.6323346614153,6000000.0,30909999.8474121
SLE,46.486947158327,56.3,35.5,100.0,117.214075921308,3.5364199304646,15.4738625747472,47.6428733253179,20.635,5.7100218981806,758.329137378248,43.5800018310547,66.9139758718619,10.6094363274771,0.134,239.0,23.9048711595784,18.2912132491156,33.0,35.76205063,41.5,56.8,2.16,4.41,3.092,61.786,55.190675008849,44.809324991151,71000.0,122000.0,39000000.0,5.49166592820223,43000000.0,83000000.0
SLV,53.9251468178456,99.4,98.3,100.0,304.518532818533,0.867601174074275,17.6880904472279,4.04554694222477,67.6558,3.5391566928735,5365.44491399171,89.8499984741211,91.1548543157466,,1.616,40.3,87.7919676704677,88.2392685062424,20.9,500.69497681,4.6,27.2,6.31,15.46,2.992,72.099,25.3919324850097,74.6080675149903,707000.0,515000.0,755000000.0,12.3429614370238,636000000.0,162000000.0
SMR,33.2600459088151,100.0,100.0,,564.333333333333,0.0,,5.93190858629403,87.0278,0.401934896977224,59879.7173015651,99.9100036621094,99.9999988818718,99.9999988818718,4.629,,100.0,,0.0,3923.5234375,,,,,,85.706,2.8682689638345,97.1317310361655,1904000.0,,,,,
SRB,19.4381438963306,100.0,100.0,100.0,78.7630277084077,0.0,21.2608348584057,12.3719043552519,85.3575,3.74793303561771,12281.707946167,99.3399963378906,95.4072534956029,74.9328071950771,3.099,71.5,97.9347704722446,98.1301189922909,7.5,983.69372559,2.0,19.7,10.78,21.97,8.268,76.2209756097561,37.8565350770262,62.1434649229738,446000.0,,1422000000.0,5.57653856424375,1245000000.0,1179000000.0
SUR,16.8872409793815,100.0,99.6,100.0,3.91810706046897,71.2830600989543,,51.5873159600861,78.3958,2.41659223498058,5521.97602122638,92.870002746582,97.9952348294942,55.8196595893557,1.355,51.0,89.9842718946213,72.1162302072107,15.3,297.04589844,2.2,17.6,,,7.699,73.631,34.2437591552734,65.7562408447266,279000.0,,19000000.0,0.776653253267587,15000000.0,64000000.0
SVN,27.519368551913,100.0,100.0,99.4910252834569,105.31480791676,1.38309038211644,,7.44687717385838,90.3779,2.3758326648385,32660.4753581346,,99.5745942010052,99.5745942010052,3.367,18.8,98.3111577508786,,5.1,3037.7644043,0.0,12.7,33.64,54.71,3.652,81.9780487804878,44.4621072210125,55.5378927789875,1216000.0,1892000.0,1418000000.0,3.38780096966912,1370300048.82813,855799987.792969
SWE,9.35119044042646,100.0,100.0,3.63648738190616,25.8713678886243,5.12805059212315,16.1348142366555,8.54862489748902,95.7033,-0.204061304891439,54950.2834725622,,99.7602354276088,99.7602354276088,4.408,8.1,98.7436812461122,,3.1,6206.23046875,0.8,16.1,34.02,62.83,7.611,83.309756097561,11.368783839062,88.631216160938,1957000.0,6081000.0,10674000000.0,4.8457267164151,4370000000.0,13973000000.0
SWZ,14.713098624162,91.0,86.4,100.0,71.5410465116279,0.0,,2.59801620311077,57.62,3.53257662836211,3755.52111232464,90.75,79.1563791861863,37.8360927224541,0.557,173.7,63.8676533294277,38.2237154756319,33.5,296.04562378,44.5,58.9,1.69,6.45,34.61,64.123,74.1918121499245,25.8081878500755,345299.987792969,488000.0,7300000.19073486,0.403800955166703,7000000.0,36400001.5258789
SYC,54.2085132697227,100.0,100.0,100.0,260.376086956522,28.4831756677336,,-1.03530088431952,87.4009,2.25925322283285,18262.7115849287,93.9499969482422,97.5539573025066,64.5874475933837,6.598,43.1,99.7,,11.3,766.28778076,0.7,25.3,11.79,23.97,,74.9585365853659,54.9028918678342,45.0971081321658,124500.0,19000.0,228000000.0,18.3911664604101,221000000.0,39000000.0
TGO,14.976443683236,95.0,59.2,100.0,171.067052767053,1.13307317742222,21.2977560894452,5.48928568141131,37.0223,6.19211576941919,1055.01727877926,72.5999984741211,63.7824051013865,20.2003795594142,0.08,223.1,25.0297462105085,17.4356119759817,28.7,59.60503769,34.4,43.8,2.25,5.06,1.942,62.739,56.7503146967564,43.2496853032436,482000.0,269000.0,264000000.0,15.8545530420201,149000000.0,61000000.0
THA,53.0472876617669,100.0,100.0,100.0,140.348088629646,17.4710387027152,21.0542682406811,8.47805174421543,89.5353,2.01775095328327,7195.10130919449,91.0999984741211,100.0,,0.541,46.5,99.0385374392322,93.1160669346381,32.2,326.50482178,0.0,5.4,10.09,20.38,0.733,76.412,39.0658073425293,60.9341926574707,39916000.0,10446000.0,15360000000.0,5.97420015392131,14198000000.0,3681000000.0
TJK,8.19348309769473,100.0,100.0,100.0,74.8598530153469,0.0,,6.00458082322139,56.791,8.29999921651935,1178.47990060249,,89.1684391081177,65.008806213197,1.87,203.8,95.9857039731115,73.0045046148629,15.7,85.14702606,7.3,20.4,3.39,6.96,7.037,71.79,73.8109872428571,26.1890127571429,1035000.0,31000.0,102400001.525879,7.26672932568659,6400000.09536743,10800000.1907349
TKM,,100.0,100.0,100.0,15.6713510522844,0.0,,,21.251,6.30015758549871,6231.91323839698,99.9000015258789,99.9281577562761,94.834897749708,1.93,87.9,99.7373196526799,99.9999998408738,13.5,581.38220215,,,,,4.007,70.073,52.9321124945829,47.0678875054171,,,,,,
TON,63.8450054392314,100.0,100.0,99.8125919313455,145.273611111111,17.4969274192684,,6.35112980255189,58.5334,2.79014366862668,5651.59373063157,91.0500030517578,98.8577319664238,29.5846009253925,1.014,52.3,93.9318098810781,80.9348412682763,33.0,357.54415894,0.4,20.6,4.65,9.33,1.652,72.895,78.852055458663,21.147944541337,94000.0,,47700000.7629395,50.2905274787381,47000000.0,38000000.0
TTO,36.7940808539434,99.3,98.7,100.0,266.571150097466,4.01763777597218,,4.62930242419968,84.6994,1.46645947294053,18308.4536298575,,99.1203415064723,69.3512476938606,4.157,19.8,94.1907029265778,84.1210307333147,9.3,1276.33862305,,,,,3.361,73.49,46.0463157895428,53.9536842104572,141000.0,273000.0,151000000.0,2.3448230561049,143000000.0,42000000.0
TUN,24.0154995995677,100.0,100.0,100.0,78.530065653965,8.94186702264794,20.2898241873586,9.32899597507865,72.3542,0.184015548469745,3951.11683376921,86.25,96.3377994591756,66.3789813342294,1.315,55.9,97.9849156132874,92.3467505286644,16.5,317.70983887,0.7,16.6,7.93,15.89,15.106,76.508,29.9733313513416,70.0266686486584,2012000.0,739000.0,1007000000.0,8.96160222338677,852000000.0,407000000.0
TUV,39.9718665312808,100.0,100.0,,327.2,39.2678754952485,,0.5005807431527,74.3146,3.85280919517032,6344.7750188689,100.0,98.7610472591254,8.6896536377143,1.346,,89.2608901052421,93.9309554331561,,1723.56542969,9.0,26.3,,,,67.105,35.9882793310213,64.0117206689787,3599.99990463257,2099.99990463257,2400000.0,43.4425401767053,7599999.90463257,9800000.19073486
TZA,54.1396824817941,82.4,48.3,100.0,75.2061481146986,0.367999549136882,13.6399662875907,3.79923291384916,29.0638,5.06952353203394,1224.00219726563,78.2099990844727,63.0660884066509,30.6397315445459,0.134,128.3,35.6824982712263,17.4139704434129,31.1,36.25619888,51.3,26.4,1.81,4.18,1.565,66.995,64.5251980565046,35.4748019434954,1527000.0,,2624500000.0,27.1727407109189,2604399902.34375,738200012.207031
UGA,62.6282390627773,76.4,51.5,100.0,242.65210951526,0.0,7.90458421047537,5.35094804280395,15.2524,5.33697295511469,1002.30913917142,79.0582329588683,61.3115234168033,17.5161979203242,0.191,163.0,23.5293222340079,23.680302184167,29.4,45.21318436,59.8,20.3,1.47,3.65,2.754,68.252,69.3940640604505,30.6059359395495,473000.0,568000.0,518000000.0,9.21438436794719,504000000.0,268000000.0
UKR,5.16202867124443,100.0,100.0,100.0,65.1239834311357,1.06733382993239,14.431878377761,12.8490222828559,82.3755,5.53473354963334,5139.59814453125,,93.517329658926,87.9857295480437,3.531,78.9,97.6443648371652,95.3553075378349,10.2,369.90487671,0.0,23.2,9.46,15.57,9.834,73.422,30.5245544972394,69.4754455027606,3382000.0,11251000.0,687000000.0,1.1316652115901,374000000.0,4823000000.0
URY,31.9293745609651,100.0,100.0,22.3857446597034,19.3582504856588,2.20275964776308,52.3717113020616,5.86910359896119,89.896,0.742128785315927,23019.4221560046,98.8671517186373,99.6172068539544,,4.674,16.2,98.8933870836172,,14.8,2076.09423828,0.2,19.7,14.27,35.06,8.355,78.138,4.45603942871089,95.5439605712891,3480000.0,2199000.0,1085000000.0,7.70839260241396,1055000000.0,412000000.0
USA,18.1700834868311,100.0,100.0,3.34317037021352,36.8198061311277,1.98031592664396,46.8826139383389,4.11633838374488,93.1444,2.88755600749487,81032.262117545,,99.9804979047021,97.5661860919937,3.681,14.2,99.6151178147694,,12.7,13473.19335938,1.2,,35.16,92.95,3.638,78.3853658536585,19.928438880822,80.071561119178,45037000.0,60549898.4375,84205000000.0,3.87533930216739,72812000000.0,48837000000.0
UZB,39.8783995760867,100.0,100.0,100.0,80.9084466129581,0.0,7.30175188943593,9.95659071258018,89.0136,6.29141635082311,2878.96879292451,100.0,96.9565254047898,80.8847523367862,2.805,151.7,96.4278294703949,81.6349509124457,11.7,192.11869812,4.1,11.0,,,4.434,72.388,49.0035158885432,50.9964841114568,6749000.0,8437000.0,395000000.0,2.71730782611765,345000000.0,1062000000.0
VUT,49.7580889390087,87.5,61.6,99.9999999872286,26.2845775225595,10.1121351183602,,11.1825017088175,45.7313,2.093743250054,3482.61458237637,87.9599990844727,87.0544851579831,19.1188718983649,0.164,259.9,48.197355856503,47.861946199505,14.9,143.43753052,19.5,15.9,,,5.011,71.477,77.7348033176099,22.2651966823901,82400.0015258789,9399.99961853027,67000000.0,50.3975200212625,62000000.0,22000000.0
WSM,72.5984779440307,100.0,100.0,99.9999999982957,77.9363309352518,8.80347809135576,,7.92164684826777,58.1386,15.2336106467304,4822.74084650019,97.9899978637695,98.9302348547362,62.4337812896166,0.561,145.5,96.8487142072358,71.9488968929714,13.0,292.81085205,4.5,21.9,,,4.92,71.698,82.4987200195398,17.5012799804602,23899.9996185303,18500.0,23059999.4659424,19.7907411795208,23000000.0,1799999.95231628
XKX,74.4455265143519,,,,,,,4.94432438791283,89.443,4.06762701436438,6221.20618847799,,,,,,,,,,10.0,17.6,4.75,12.35,,78.033,50.8894420898485,49.1105579101515,,,,,,
ZAF,39.2951095764314,90.9,87.7,100.0,52.1085690262058,0.199446537696018,35.6712602391329,6.0752438457966,75.6592,0.80610455095804,6034.27208964673,90.0,90.4386965804708,68.552079732364,0.794,74.9,76.7816295496925,44.3696955162125,22.2,536.58843994,31.2,55.5,2.18,12.22,32.098,66.139,36.4176294836455,63.5823705163545,3886600.09765625,,2716000000.0,2.88545960148658,2607000000.0,1594000000.0
ZMB,85.8343786380306,89.9,51.1,100.0,27.8776483407095,0.0,15.3505856625409,10.884531691282,33.0,5.36794285493059,1330.72780576709,82.0418064991238,72.3590047817849,,0.324,174.0,36.7391328457853,18.2665196420155,20.5,79.55635071,71.7,60.0,0.8,2.86,5.861,66.349,54.9714146478415,45.0285853521585,502000.0,,,,412000000.0,474000000.0
ZWE,38.8647655690431,84.0,62.0,100.0,42.24071862479,0.0,9.65758026126226,104.705170628667,38.4266,5.3508687909833,2195.22492079245,93.2300033569336,67.1849190325683,25.6360698019271,0.136,189.6,34.6283464803415,42.4800048367769,41.2,62.92946243,49.2,38.3,1.43,4.5,9.348,62.775,60.7080629204205,39.2919370795795,639000.0,3275000.0,66000000.0,1.2539702596971,63000000.0,157000000.0
